{"cameraMode":{"drawMode":0,"name":"Shaded","section":"Shading Mode"},"sceneLighting":false,"audioPlay":false,"sceneViewState":{"m_AlwaysRefresh":false,"showFog":true,"showSkybox":false,"showFlares":true,"showImageEffects":true,"showParticleSystems":true,"showVisualEffectGraphs":true,"m_FxEnabled":true},"in2DMode":false,"pivot":{"x":0.3570663332939148,"y":-0.1170709878206253,"z":-0.04774045944213867},"rotation":{"x":-0.02130691148340702,"y":-0.011399772949516774,"z":0.0002435170899843797,"w":-0.9997109174728394},"size":2.8275487422943117,"orthographic":false}