{"cameraMode":{"drawMode":0,"name":"Shaded","section":"Shading Mode"},"sceneLighting":true,"audioPlay":false,"sceneViewState":{"m_AlwaysRefresh":false,"showFog":true,"showSkybox":true,"showFlares":true,"showImageEffects":true,"showParticleSystems":true,"showVisualEffectGraphs":true,"m_FxEnabled":true},"in2DMode":false,"pivot":{"x":-0.8168411254882813,"y":2.922158718109131,"z":19.401123046875},"rotation":{"x":-0.019808603450655938,"y":0.002097062300890684,"z":-0.000040972008719109,"w":-0.999804675579071},"size":13.843003273010254,"orthographic":false}