{"cameraMode":{"drawMode":0,"name":"Shaded","section":"Shading Mode"},"sceneLighting":true,"audioPlay":false,"sceneViewState":{"m_AlwaysRefresh":false,"showFog":true,"showSkybox":true,"showFlares":true,"showImageEffects":true,"showParticleSystems":true,"showVisualEffectGraphs":true,"m_FxEnabled":true},"in2DMode":false,"pivot":{"x":380.6560363769531,"y":181.62107849121095,"z":30.003814697265626},"rotation":{"x":0.010189905762672425,"y":-0.006902372930198908,"z":-0.00007035796443233266,"w":-0.9999240636825562},"size":182.0490264892578,"orthographic":false}